scenario,scenario_type,seed,total_arrivals,served_customers,served_within_horizon,abandoned_customers,avg_wait_time,avg_wait_served,avg_wait_abandoned,avg_system_time,avg_queue_length,max_queue_length,utilization_percent,throughput_per_hour,abandonment_percent,num_kiosks,mean_interarrival_time,mean_service_time,patience_time,duration,reactive_threshold,iteration
Beban Sangat Rendah,base,80000,55,55,54,0,0.0,0.0,0.0,3.013473237191879,0.0,0,8.565506032594707,6.75,0.0,4,10.0,3.0,20.0,480,4,1
Beban Sangat Rendah,base,80001,45,45,45,0,0.0,0.0,0.0,2.9917022110748297,0.0,0,7.01180205720664,5.625,0.0,4,10.0,3.0,20.0,480,4,2
Beban Sangat Rendah,base,80002,59,59,59,0,0.0,0.0,0.0,3.0515050372300916,0.0,0,9.377020687321634,7.375,0.0,4,10.0,3.0,20.0,480,4,3
Beban Sangat Rendah,base,80003,58,58,58,0,0.0,0.0,0.0,3.128148153132494,0.0,0,9.449614212587738,7.25,0.0,4,10.0,3.0,20.0,480,4,4
Beban Sangat Rendah,base,80004,40,40,40,0,0.0,0.0,0.0,2.9614965046469797,0.0,0,6.169784384681205,5.0,0.0,4,10.0,3.0,20.0,480,4,5
Beban Sangat Rendah,base,80005,56,56,56,0,0.0,0.0,0.0,2.8947227741059196,0.0,0,8.4429414244756,7.0,0.0,4,10.0,3.0,20.0,480,4,6
Beban Sangat Rendah,base,80006,51,51,50,0,0.0,0.0,0.0,2.8952805814926816,0.0,0,7.652472173121226,6.25,0.0,4,10.0,3.0,20.0,480,4,7
Beban Sangat Rendah,base,80007,51,51,51,0,0.0,0.0,0.0,2.9501395970347235,0.0,0,7.836308304623484,6.375,0.0,4,10.0,3.0,20.0,480,4,8
Beban Sangat Rendah,base,80008,41,41,40,0,0.0,0.0,0.0,2.9858831101623364,0.0,0,6.181530977884808,5.0,0.0,4,10.0,3.0,20.0,480,4,9
Beban Sangat Rendah,base,80009,50,50,50,0,0.0,0.0,0.0,2.923959599717526,0.0,0,7.614478124264392,6.25,0.0,4,10.0,3.0,20.0,480,4,10
Beban Sangat Rendah,base,80010,43,43,42,0,0.0,0.0,0.0,3.1057391108335324,0.0,0,6.873750329932761,5.25,0.0,4,10.0,3.0,20.0,480,4,11
Beban Sangat Rendah,base,80011,47,47,47,0,0.0,0.0,0.0,3.152340616120843,0.0,0,7.71666713321248,5.875,0.0,4,10.0,3.0,20.0,480,4,12
Beban Sangat Rendah,base,80012,44,44,43,0,0.0,0.0,0.0,2.7910486047235725,0.0,0,6.310197436783698,5.375,0.0,4,10.0,3.0,20.0,480,4,13
Beban Sangat Rendah,base,80013,62,62,62,0,0.0,0.0,0.0,2.9798112383493516,0.0,0,9.622307123836448,7.75,0.0,4,10.0,3.0,20.0,480,4,14
Beban Sangat Rendah,base,80014,60,60,60,0,0.0,0.0,0.0,2.915550519367649,0.0,0,9.111095373023904,7.5,0.0,4,10.0,3.0,20.0,480,4,15
Beban Sangat Rendah,base,80015,45,45,45,0,0.0,0.0,0.0,2.9043580633285355,0.0,0,6.807089210926254,5.625,0.0,4,10.0,3.0,20.0,480,4,16
Beban Sangat Rendah,base,80016,52,52,52,0,0.0,0.0,0.0,3.025328493909313,0.0,0,8.19359800433772,6.5,0.0,4,10.0,3.0,20.0,480,4,17
Beban Sangat Rendah,base,80017,35,35,35,0,0.0,0.0,0.0,3.1297336377944527,0.0,0,5.7052436105628015,4.375,0.0,4,10.0,3.0,20.0,480,4,18
Beban Sangat Rendah,base,80018,47,47,47,0,0.0,0.0,0.0,2.920324571511439,0.0,0,7.14871119067905,5.875,0.0,4,10.0,3.0,20.0,480,4,19
Beban Sangat Rendah,base,80019,56,56,56,0,0.0,0.0,0.0,2.8878945167668406,0.0,0,8.423025673903279,7.0,0.0,4,10.0,3.0,20.0,480,4,20
Beban Sangat Rendah,base,80020,51,51,51,0,0.0,0.0,0.0,2.925774304930211,0.0,0,7.77158799747088,6.375,0.0,4,10.0,3.0,20.0,480,4,21
Beban Sangat Rendah,base,80021,52,52,51,0,0.0,0.0,0.0,2.9725237222443517,0.0,0,8.050225325817912,6.375,0.0,4,10.0,3.0,20.0,480,4,22
Beban Sangat Rendah,base,80022,42,42,42,0,0.0,0.0,0.0,2.9617924472562693,0.0,0,6.478920978373093,5.25,0.0,4,10.0,3.0,20.0,480,4,23
Beban Sangat Rendah,base,80023,58,58,58,0,0.0,0.0,0.0,2.89387672109542,0.0,0,8.741919261642412,7.25,0.0,4,10.0,3.0,20.0,480,4,24
Beban Sangat Rendah,base,80024,44,44,44,0,0.0,0.0,0.0,2.6509988748536504,0.0,0,6.07520575487295,5.5,0.0,4,10.0,3.0,20.0,480,4,25
Beban Sangat Rendah,base,80025,53,53,53,0,0.0,0.0,0.0,3.2502339939382727,0.0,0,8.972000087433774,6.625,0.0,4,10.0,3.0,20.0,480,4,26
Beban Sangat Rendah,base,80026,46,46,46,0,0.0,0.0,0.0,3.1491723361138875,0.0,0,7.544892055272852,5.75,0.0,4,10.0,3.0,20.0,480,4,27
Beban Sangat Rendah,base,80027,60,60,59,0,0.0,0.0,0.0,3.0018272562365786,0.0,0,9.20746810006438,7.375,0.0,4,10.0,3.0,20.0,480,4,28
Beban Sangat Rendah,base,80028,51,51,50,0,0.0,0.0,0.0,2.955121323829332,0.0,0,7.799523586121718,6.25,0.0,4,10.0,3.0,20.0,480,4,29
Beban Sangat Rendah,base,80029,45,45,45,0,0.0,0.0,0.0,3.190759711263964,0.0,0,7.478343073274924,5.625,0.0,4,10.0,3.0,20.0,480,4,30
Beban Sangat Rendah,base,80030,59,59,59,0,0.0,0.0,0.0,2.97851389192629,0.0,0,9.152724980398492,7.375,0.0,4,10.0,3.0,20.0,480,4,31
Beban Sangat Rendah,base,80031,55,55,54,0,0.0,0.0,0.0,2.8804681200690694,0.0,0,8.199413578817532,6.75,0.0,4,10.0,3.0,20.0,480,4,32
Beban Sangat Rendah,base,80032,40,40,39,0,0.0,0.0,0.0,2.897655440776328,0.0,0,6.012849152471207,4.875,0.0,4,10.0,3.0,20.0,480,4,33
Beban Sangat Rendah,base,80033,51,51,50,0,0.0,0.0,0.0,3.112353731634373,0.0,0,8.256074227721667,6.25,0.0,4,10.0,3.0,20.0,480,4,34
Beban Sangat Rendah,base,80034,53,53,53,0,0.0,0.0,0.0,2.781743167231863,0.0,0,7.678770201212962,6.625,0.0,4,10.0,3.0,20.0,480,4,35
Beban Sangat Rendah,base,80035,50,50,49,0,0.0,0.0,0.0,3.1967698107495335,0.0,0,8.206246044805834,6.125,0.0,4,10.0,3.0,20.0,480,4,36
Beban Sangat Rendah,base,80036,47,47,46,0,0.0,0.0,0.0,2.8873941731741968,0.0,0,6.963180195911336,5.75,0.0,4,10.0,3.0,20.0,480,4,37
Beban Sangat Rendah,base,80037,61,61,61,0,0.0,0.0,0.0,3.0015583580044303,0.0,0,9.536201033243236,7.625,0.0,4,10.0,3.0,20.0,480,4,38
Beban Sangat Rendah,base,80038,53,53,52,0,0.0,0.0,0.0,2.984317359470514,0.0,0,8.102626482249065,6.5,0.0,4,10.0,3.0,20.0,480,4,39
Beban Sangat Rendah,base,80039,66,66,66,0,0.0,0.0,0.0,3.07510181674583,0.0,0,10.570662495063804,8.25,0.0,4,10.0,3.0,20.0,480,4,40
Beban Sangat Rendah,base,80040,52,52,52,0,0.0,0.0,0.0,3.0294125065941873,0.0,0,8.204658872025924,6.5,0.0,4,10.0,3.0,20.0,480,4,41
Beban Sangat Rendah,base,80041,47,47,46,0,0.0,0.0,0.0,3.1019291677293697,0.0,0,7.509097317524055,5.75,0.0,4,10.0,3.0,20.0,480,4,42
Beban Sangat Rendah,base,80042,54,54,54,0,0.0,0.0,0.0,3.075542626825757,0.0,0,8.64996363794744,6.75,0.0,4,10.0,3.0,20.0,480,4,43
Beban Sangat Rendah,base,80043,49,49,49,0,0.0,0.0,0.0,2.840566209675789,0.0,0,7.249361680943419,6.125,0.0,4,10.0,3.0,20.0,480,4,44
Beban Sangat Rendah,base,80044,60,60,59,0,0.0,0.0,0.0,2.9504567855006005,0.0,0,9.137539214487184,7.375,0.0,4,10.0,3.0,20.0,480,4,45
Beban Sangat Rendah,base,80045,51,51,50,0,0.0,0.0,0.0,3.0159851644342943,0.0,0,7.977856884906946,6.25,0.0,4,10.0,3.0,20.0,480,4,46
Beban Sangat Rendah,base,80046,40,40,39,0,0.0,0.0,0.0,3.1012912097635197,0.0,0,6.429220415768076,4.875,0.0,4,10.0,3.0,20.0,480,4,47
Beban Sangat Rendah,base,80047,49,49,49,0,0.0,0.0,0.0,2.8133238841031925,0.0,0,7.179836995888351,6.125,0.0,4,10.0,3.0,20.0,480,4,48
Beban Sangat Rendah,base,80048,48,48,47,0,0.0,0.0,0.0,3.0228120845573,0.0,0,7.428797184604656,5.875,0.0,4,10.0,3.0,20.0,480,4,49
Beban Sangat Rendah,base,80049,44,44,43,0,0.0,0.0,0.0,3.061366665407555,0.0,0,6.882465992123839,5.375,0.0,4,10.0,3.0,20.0,480,4,50
Beban Sangat Rendah,base,80050,46,46,46,0,0.0,0.0,0.0,3.011927263722519,0.0,0,7.21607573600186,5.75,0.0,4,10.0,3.0,20.0,480,4,51
Beban Sangat Rendah,base,80051,49,49,49,0,0.0,0.0,0.0,3.125679223634885,0.0,0,7.976993851984873,6.125,0.0,4,10.0,3.0,20.0,480,4,52
Beban Sangat Rendah,base,80052,47,47,47,0,0.0,0.0,0.0,2.975244242278612,0.0,0,7.283149968077854,5.875,0.0,4,10.0,3.0,20.0,480,4,53
Beban Sangat Rendah,base,80053,47,47,47,0,0.0,0.0,0.0,2.9213988108235673,0.0,0,7.151340838995181,5.875,0.0,4,10.0,3.0,20.0,480,4,54
Beban Sangat Rendah,base,80054,51,51,51,0,0.0,0.0,0.0,2.961424640581999,0.0,0,7.866284201545931,6.375,0.0,4,10.0,3.0,20.0,480,4,55
Beban Sangat Rendah,base,80055,54,54,54,0,0.0,0.0,0.0,2.9246466568320733,0.0,0,8.225568722340203,6.75,0.0,4,10.0,3.0,20.0,480,4,56
Beban Sangat Rendah,base,80056,40,40,40,0,0.0,0.0,0.0,2.8984997012647495,0.0,0,6.038541044301566,5.0,0.0,4,10.0,3.0,20.0,480,4,57
Beban Sangat Rendah,base,80057,47,47,47,0,0.0,0.0,0.0,3.0380128331823175,0.0,0,7.4368022478942155,5.875,0.0,4,10.0,3.0,20.0,480,4,58
Beban Sangat Rendah,base,80058,49,49,49,0,0.0,0.0,0.0,2.8952100940918624,0.0,0,7.388817427630269,6.125,0.0,4,10.0,3.0,20.0,480,4,59
Beban Sangat Rendah,base,80059,51,51,49,0,0.0,0.0,0.0,2.8192746287092256,0.0,0,7.342889692936157,6.125,0.0,4,10.0,3.0,20.0,480,4,60
Beban Sangat Rendah,base,80060,44,44,42,0,0.0,0.0,0.0,3.0579046624632826,0.0,0,6.9314381436221275,5.25,0.0,4,10.0,3.0,20.0,480,4,61
Beban Sangat Rendah,base,80061,42,42,42,0,0.0,0.0,0.0,3.08344250140711,0.0,0,6.745030471828052,5.25,0.0,4,10.0,3.0,20.0,480,4,62
Beban Sangat Rendah,base,80062,59,59,59,0,0.0,0.0,0.0,3.029825333661326,0.0,0,9.310400764896782,7.375,0.0,4,10.0,3.0,20.0,480,4,63
Beban Sangat Rendah,base,80063,48,48,47,0,0.0,0.0,0.0,3.1206860292846224,0.0,0,7.690478288367526,5.875,0.0,4,10.0,3.0,20.0,480,4,64
Beban Sangat Rendah,base,80064,43,43,43,0,0.0,0.0,0.0,2.9032010555503347,0.0,0,6.501960697326272,5.375,0.0,4,10.0,3.0,20.0,480,4,65
Beban Sangat Rendah,base,80065,60,60,60,0,0.0,0.0,0.0,3.020678497722712,0.0,0,9.43962030538347,7.5,0.0,4,10.0,3.0,20.0,480,4,66
Beban Sangat Rendah,base,80066,43,43,43,0,0.0,0.0,0.0,2.832172149690411,0.0,0,6.342885543577488,5.375,0.0,4,10.0,3.0,20.0,480,4,67
Beban Sangat Rendah,base,80067,49,49,49,0,0.0,0.0,0.0,3.202023797001773,0.0,0,8.171831565264947,6.125,0.0,4,10.0,3.0,20.0,480,4,68
Beban Sangat Rendah,base,80068,45,45,44,0,0.0,0.0,0.0,2.9572832411724126,0.0,0,6.9105825466345445,5.5,0.0,4,10.0,3.0,20.0,480,4,69
Beban Sangat Rendah,base,80069,47,47,47,0,0.0,0.0,0.0,3.0786083510792857,0.0,0,7.53617669274617,5.875,0.0,4,10.0,3.0,20.0,480,4,70
Beban Sangat Rendah,base,80070,40,40,40,0,0.0,0.0,0.0,2.851371415907984,0.0,0,5.940357116474969,5.0,0.0,4,10.0,3.0,20.0,480,4,71
Beban Sangat Rendah,base,80071,42,42,42,0,0.0,0.0,0.0,3.248354553557855,0.0,0,7.105775585907809,5.25,0.0,4,10.0,3.0,20.0,480,4,72
Beban Sangat Rendah,base,80072,52,52,52,0,0.0,0.0,0.0,3.100954378551561,0.0,0,8.398418108577149,6.5,0.0,4,10.0,3.0,20.0,480,4,73
Beban Sangat Rendah,base,80073,44,44,43,0,0.0,0.0,0.0,2.8456364372967813,0.0,0,6.375801384854511,5.375,0.0,4,10.0,3.0,20.0,480,4,74
Beban Sangat Rendah,base,80074,59,59,59,0,0.004621940345475458,0.004621940345475458,0.0,2.9069807834345816,0.000568113500798025,1,8.918706861575895,7.375,0.0,4,10.0,3.0,20.0,480,4,75
Beban Sangat Rendah,base,80075,56,56,56,0,0.0,0.0,0.0,2.815671492158359,0.0,0,8.212375185461873,7.0,0.0,4,10.0,3.0,20.0,480,4,76
Beban Sangat Rendah,base,80076,65,65,65,0,0.0,0.0,0.0,3.180842239156641,0.0,0,10.768476330478219,8.125,0.0,4,10.0,3.0,20.0,480,4,77
Beban Sangat Rendah,base,80077,52,52,52,0,0.0,0.0,0.0,3.132916783382636,0.0,0,8.48498295499464,6.5,0.0,4,10.0,3.0,20.0,480,4,78
Beban Sangat Rendah,base,80078,55,55,55,0,0.0,0.0,0.0,2.9279559003127056,0.0,0,8.387373672770774,6.875,0.0,4,10.0,3.0,20.0,480,4,79
Beban Sangat Rendah,base,80079,47,47,47,0,0.0,0.0,0.0,2.7938962911798035,0.0,0,6.839225296117229,5.875,0.0,4,10.0,3.0,20.0,480,4,80
Beban Sangat Rendah,base,80080,50,50,50,0,0.0,0.0,0.0,3.1604793669689766,0.0,0,8.23041501814837,6.25,0.0,4,10.0,3.0,20.0,480,4,81
Beban Sangat Rendah,base,80081,39,39,39,0,0.0,0.0,0.0,2.9568348076400057,0.0,0,6.00607070301875,4.875,0.0,4,10.0,3.0,20.0,480,4,82
Beban Sangat Rendah,base,80082,51,51,51,0,0.0,0.0,0.0,3.0300216432987646,0.0,0,8.048494990012346,6.375,0.0,4,10.0,3.0,20.0,480,4,83
Beban Sangat Rendah,base,80083,52,52,52,0,0.0,0.0,0.0,2.9958576317313206,0.0,0,8.113781085938996,6.5,0.0,4,10.0,3.0,20.0,480,4,84
Beban Sangat Rendah,base,80084,62,62,62,0,0.0,0.0,0.0,2.8820975542964486,0.0,0,9.306773352415613,7.75,0.0,4,10.0,3.0,20.0,480,4,85
Beban Sangat Rendah,base,80085,44,44,44,0,0.0,0.0,0.0,3.029247625439625,0.0,0,6.942025808299146,5.5,0.0,4,10.0,3.0,20.0,480,4,86
Beban Sangat Rendah,base,80086,39,39,39,0,0.0,0.0,0.0,3.0007772790670506,0.0,0,6.095328848104945,4.875,0.0,4,10.0,3.0,20.0,480,4,87
Beban Sangat Rendah,base,80087,48,48,48,0,0.0,0.0,0.0,2.9261631597795943,0.0,0,7.315407899448983,6.0,0.0,4,10.0,3.0,20.0,480,4,88
Beban Sangat Rendah,base,80088,42,42,42,0,0.0,0.0,0.0,3.108567056399527,0.0,0,6.799990435873964,5.25,0.0,4,10.0,3.0,20.0,480,4,89
Beban Sangat Rendah,base,80089,57,57,57,0,0.0,0.0,0.0,2.861952846082423,0.0,0,8.496422511807197,7.125,0.0,4,10.0,3.0,20.0,480,4,90
Beban Sangat Rendah,base,80090,48,48,48,0,0.0,0.0,0.0,3.159979528172031,0.0,0,7.899948820430079,6.0,0.0,4,10.0,3.0,20.0,480,4,91
Beban Sangat Rendah,base,80091,46,46,46,0,0.0,0.0,0.0,3.0099719429774026,0.0,0,7.211391113383357,5.75,0.0,4,10.0,3.0,20.0,480,4,92
Beban Sangat Rendah,base,80092,64,64,64,0,0.0,0.0,0.0,2.9283882701376016,0.0,0,9.761294233792007,8.0,0.0,4,10.0,3.0,20.0,480,4,93
Beban Sangat Rendah,base,80093,43,43,43,0,0.0,0.0,0.0,3.038254930444313,0.0,0,6.804425104640903,5.375,0.0,4,10.0,3.0,20.0,480,4,94
Beban Sangat Rendah,base,80094,45,45,45,0,0.0,0.0,0.0,2.9367174459237098,0.0,0,6.882931513883696,5.625,0.0,4,10.0,3.0,20.0,480,4,95
Beban Sangat Rendah,base,80095,59,59,58,0,0.0,0.0,0.0,2.7950459103233447,0.0,0,8.54055699787493,7.25,0.0,4,10.0,3.0,20.0,480,4,96
Beban Sangat Rendah,base,80096,50,50,49,0,0.0,0.0,0.0,3.071493010454709,0.0,0,7.967613992842872,6.125,0.0,4,10.0,3.0,20.0,480,4,97
Beban Sangat Rendah,base,80097,42,42,41,0,0.0,0.0,0.0,2.9281559134103627,0.0,0,6.404281606847717,5.125,0.0,4,10.0,3.0,20.0,480,4,98
Beban Sangat Rendah,base,80098,50,50,50,0,0.0,0.0,0.0,3.0420734317892264,0.0,0,7.922066228617776,6.25,0.0,4,10.0,3.0,20.0,480,4,99
Beban Sangat Rendah,base,80099,44,44,44,0,0.0,0.0,0.0,3.018285151643286,0.0,0,6.916903472515864,5.5,0.0,4,10.0,3.0,20.0,480,4,100
Beban Sangat Rendah,base,80100,47,47,46,0,0.0,0.0,0.0,3.0088755488030166,0.0,0,7.285937955117215,5.75,0.0,4,10.0,3.0,20.0,480,4,101
Beban Sangat Rendah,base,80101,48,48,47,0,0.0,0.0,0.0,3.0146510279371994,0.0,0,7.439188699717733,5.875,0.0,4,10.0,3.0,20.0,480,4,102
Beban Sangat Rendah,base,80102,55,55,54,0,0.0,0.0,0.0,3.1246360956321926,0.0,0,8.874416565071872,6.75,0.0,4,10.0,3.0,20.0,480,4,103
Beban Sangat Rendah,base,80103,39,39,39,0,0.0,0.0,0.0,2.8212521737403384,0.0,0,5.730668477910066,4.875,0.0,4,10.0,3.0,20.0,480,4,104
Beban Sangat Rendah,base,80104,51,51,50,0,0.0,0.0,0.0,3.0132446829742783,0.0,0,7.8701890756743635,6.25,0.0,4,10.0,3.0,20.0,480,4,105
Beban Sangat Rendah,base,80105,47,47,47,0,0.0,0.0,0.0,2.936439997393045,0.0,0,7.188160410285054,5.875,0.0,4,10.0,3.0,20.0,480,4,106
Beban Sangat Rendah,base,80106,45,45,45,0,0.0,0.0,0.0,3.046488921115377,0.0,0,7.140208408864167,5.625,0.0,4,10.0,3.0,20.0,480,4,107
Beban Sangat Rendah,base,80107,55,55,55,0,0.0,0.0,0.0,3.0318042515034596,0.0,0,8.684855928785948,6.875,0.0,4,10.0,3.0,20.0,480,4,108
Beban Sangat Rendah,base,80108,32,32,32,0,0.0,0.0,0.0,3.11211874625703,0.0,0,5.1868645770950526,4.0,0.0,4,10.0,3.0,20.0,480,4,109
Beban Sangat Rendah,base,80109,39,39,39,0,0.0,0.0,0.0,2.969759329707737,0.0,0,6.032323638468841,4.875,0.0,4,10.0,3.0,20.0,480,4,110
Beban Sangat Rendah,base,80110,51,51,51,0,0.0,0.0,0.0,3.0786939248373204,0.0,0,8.17778073784913,6.375,0.0,4,10.0,3.0,20.0,480,4,111
Beban Sangat Rendah,base,80111,47,47,47,0,0.0,0.0,0.0,3.0232020349217454,0.0,0,7.400546647985516,5.875,0.0,4,10.0,3.0,20.0,480,4,112
Beban Sangat Rendah,base,80112,53,53,53,0,0.0,0.0,0.0,3.0727879732290257,0.0,0,8.482175134434291,6.625,0.0,4,10.0,3.0,20.0,480,4,113
Beban Sangat Rendah,base,80113,46,46,46,0,0.0,0.0,0.0,3.1090207117078297,0.0,0,7.4486954551333415,5.75,0.0,4,10.0,3.0,20.0,480,4,114
Beban Sangat Rendah,base,80114,51,51,50,0,0.0,0.0,0.0,3.0952418117883704,0.0,0,8.103802755063837,6.25,0.0,4,10.0,3.0,20.0,480,4,115
Beban Sangat Rendah,base,80115,51,51,51,0,0.0,0.0,0.0,3.126745667531484,0.0,0,8.305418179380505,6.375,0.0,4,10.0,3.0,20.0,480,4,116
Beban Sangat Rendah,base,80116,57,57,57,0,0.0,0.0,0.0,3.1130623431765216,0.0,0,9.241903831305299,7.125,0.0,4,10.0,3.0,20.0,480,4,117
Beban Sangat Rendah,base,80117,50,50,50,0,0.0,0.0,0.0,3.205761611000463,0.0,0,8.348337528647042,6.25,0.0,4,10.0,3.0,20.0,480,4,118
Beban Sangat Rendah,base,80118,46,46,46,0,0.0,0.0,0.0,3.092056389532131,0.0,0,7.408051766587406,5.75,0.0,4,10.0,3.0,20.0,480,4,119
Beban Sangat Rendah,base,80119,49,49,49,0,0.0,0.0,0.0,2.9091278831220113,0.0,0,7.424336785050962,6.125,0.0,4,10.0,3.0,20.0,480,4,120
Beban Sangat Rendah,base,80120,49,49,49,0,0.0,0.0,0.0,3.010937640759781,0.0,0,7.68416377068903,6.125,0.0,4,10.0,3.0,20.0,480,4,121
Beban Sangat Rendah,base,80121,43,43,43,0,0.0,0.0,0.0,3.0943857072814507,0.0,0,6.930134656932416,5.375,0.0,4,10.0,3.0,20.0,480,4,122
Beban Sangat Rendah,base,80122,41,41,41,0,0.0,0.0,0.0,2.9362499357688883,0.0,0,6.270117050339813,5.125,0.0,4,10.0,3.0,20.0,480,4,123
Beban Sangat Rendah,base,80123,58,58,57,0,0.0,0.0,0.0,3.0955179013324186,0.0,0,9.306036341989968,7.125,0.0,4,10.0,3.0,20.0,480,4,124
Beban Sangat Rendah,base,80124,46,46,46,0,0.0,0.0,0.0,2.799435223124328,0.0,0,6.706980222068708,5.75,0.0,4,10.0,3.0,20.0,480,4,125
Beban Sangat Rendah,base,80125,52,52,51,0,0.0,0.0,0.0,2.9864790037311333,0.0,0,8.02802047830206,6.375,0.0,4,10.0,3.0,20.0,480,4,126
Beban Sangat Rendah,base,80126,53,53,52,0,0.0,0.0,0.0,2.9983049139444886,0.0,0,8.217632281673222,6.5,0.0,4,10.0,3.0,20.0,480,4,127
Beban Sangat Rendah,base,80127,50,50,50,0,0.0,0.0,0.0,3.1039138376313775,0.0,0,8.083108952165045,6.25,0.0,4,10.0,3.0,20.0,480,4,128
Beban Sangat Rendah,base,80128,59,59,59,0,0.0,0.0,0.0,2.9289522553369713,0.0,0,9.000426201295895,7.375,0.0,4,10.0,3.0,20.0,480,4,129
Beban Sangat Rendah,base,80129,55,55,55,0,0.0,0.0,0.0,3.0613457178054313,0.0,0,8.769479920796805,6.875,0.0,4,10.0,3.0,20.0,480,4,130
Beban Sangat Rendah,base,80130,58,58,58,0,0.0,0.0,0.0,3.034282246865702,0.0,0,9.166060954073467,7.25,0.0,4,10.0,3.0,20.0,480,4,131
Beban Sangat Rendah,base,80131,46,46,46,0,0.0,0.0,0.0,2.9915732312099426,0.0,0,7.167310866440486,5.75,0.0,4,10.0,3.0,20.0,480,4,132
Beban Sangat Rendah,base,80132,45,45,44,0,0.0,0.0,0.0,2.612433415940453,0.0,0,6.0374428995445575,5.5,0.0,4,10.0,3.0,20.0,480,4,133
Beban Sangat Rendah,base,80133,30,30,29,0,0.0,0.0,0.0,2.9287075834168146,0.0,0,4.573000231619454,3.625,0.0,4,10.0,3.0,20.0,480,4,134
Beban Sangat Rendah,base,80134,50,50,50,0,0.0,0.0,0.0,2.9527298054998696,0.0,0,7.689400535155914,6.25,0.0,4,10.0,3.0,20.0,480,4,135
Beban Sangat Rendah,base,80135,44,44,43,0,0.0,0.0,0.0,2.917888863077739,0.0,0,6.59488602285214,5.375,0.0,4,10.0,3.0,20.0,480,4,136
Beban Sangat Rendah,base,80136,58,58,58,0,0.0,0.0,0.0,3.0648903442006006,0.0,0,9.258522914772641,7.25,0.0,4,10.0,3.0,20.0,480,4,137
Beban Sangat Rendah,base,80137,51,51,50,0,0.0,0.0,0.0,2.911967558211953,0.0,0,7.64493055381499,6.25,0.0,4,10.0,3.0,20.0,480,4,138
Beban Sangat Rendah,base,80138,53,53,53,0,0.0,0.0,0.0,3.1450540739033457,0.0,0,8.681659683170693,6.625,0.0,4,10.0,3.0,20.0,480,4,139
Beban Sangat Rendah,base,80139,53,53,53,0,0.0,0.0,0.0,3.0936588480784355,0.0,0,8.539787445216506,6.625,0.0,4,10.0,3.0,20.0,480,4,140
Beban Sangat Rendah,base,80140,52,52,51,0,0.0,0.0,0.0,3.01581683853765,0.0,0,8.003590030072212,6.375,0.0,4,10.0,3.0,20.0,480,4,141
Beban Sangat Rendah,base,80141,47,47,47,0,0.0,0.0,0.0,2.984564012548446,0.0,0,7.305963989050883,5.875,0.0,4,10.0,3.0,20.0,480,4,142
Beban Sangat Rendah,base,80142,45,45,45,0,0.0,0.0,0.0,2.851078577739021,0.0,0,6.682215416575832,5.625,0.0,4,10.0,3.0,20.0,480,4,143
Beban Sangat Rendah,base,80143,50,50,50,0,0.0,0.0,0.0,2.9906499666540522,0.0,0,7.7881509548282715,6.25,0.0,4,10.0,3.0,20.0,480,4,144
Beban Sangat Rendah,base,80144,44,44,43,0,0.0,0.0,0.0,3.0678928891147135,0.0,0,6.9354330530608435,5.375,0.0,4,10.0,3.0,20.0,480,4,145
Beban Sangat Rendah,base,80145,52,52,52,0,0.0,0.0,0.0,2.911343851116776,0.0,0,7.884889596774608,6.5,0.0,4,10.0,3.0,20.0,480,4,146
Beban Sangat Rendah,base,80146,55,55,55,0,0.0,0.0,0.0,2.9954644118030176,0.0,0,8.580757429644063,6.875,0.0,4,10.0,3.0,20.0,480,4,147
Beban Sangat Rendah,base,80147,51,51,51,0,0.0,0.0,0.0,3.0093878691277496,0.0,0,7.993686527370595,6.375,0.0,4,10.0,3.0,20.0,480,4,148
Beban Sangat Rendah,base,80148,50,50,50,0,0.0,0.0,0.0,2.9541871939093287,0.0,0,7.693195817472212,6.25,0.0,4,10.0,3.0,20.0,480,4,149
Beban Sangat Rendah,base,80149,58,58,57,0,0.0,0.0,0.0,2.9039929303020466,0.0,0,8.753346937835195,7.125,0.0,4,10.0,3.0,20.0,480,4,150
Beban Sangat Rendah,base,80150,51,51,50,0,0.0,0.0,0.0,3.0176963682812175,0.0,0,7.942388964950377,6.25,0.0,4,10.0,3.0,20.0,480,4,151
Beban Sangat Rendah,base,80151,54,54,54,0,0.0,0.0,0.0,3.0442204157312234,0.0,0,8.561869919244074,6.75,0.0,4,10.0,3.0,20.0,480,4,152
Beban Sangat Rendah,base,80152,52,52,52,0,0.0,0.0,0.0,3.090728395419428,0.0,0,8.370722737594289,6.5,0.0,4,10.0,3.0,20.0,480,4,153
Beban Sangat Rendah,base,80153,53,53,53,0,0.0,0.0,0.0,3.0616100037633425,0.0,0,8.451319281221723,6.625,0.0,4,10.0,3.0,20.0,480,4,154
Beban Sangat Rendah,base,80154,53,53,53,0,0.0029236770942808786,0.0029236770942808786,0.0,2.8378440137662584,0.00032282267916018036,1,7.825561346021602,6.625,0.0,4,10.0,3.0,20.0,480,4,155
Beban Sangat Rendah,base,80155,49,49,48,0,0.0,0.0,0.0,2.9490594589328256,0.0,0,7.441333456921928,6.0,0.0,4,10.0,3.0,20.0,480,4,156
Beban Sangat Rendah,base,80156,52,52,51,0,0.0,0.0,0.0,3.040505995328288,0.0,0,8.198161220547455,6.375,0.0,4,10.0,3.0,20.0,480,4,157
Beban Sangat Rendah,base,80157,35,35,35,0,0.0,0.0,0.0,2.7182812602947752,0.0,0,4.955200214079023,4.375,0.0,4,10.0,3.0,20.0,480,4,158
Beban Sangat Rendah,base,80158,54,54,53,0,0.0,0.0,0.0,3.06139382546839,0.0,0,8.507255745456822,6.625,0.0,4,10.0,3.0,20.0,480,4,159
Beban Sangat Rendah,base,80159,49,49,49,0,0.0,0.0,0.0,2.9013680074604125,0.0,0,7.40453293570625,6.125,0.0,4,10.0,3.0,20.0,480,4,160
Beban Sangat Rendah,base,80160,39,39,39,0,0.0,0.0,0.0,2.9651790818833508,0.0,0,6.0230200100755615,4.875,0.0,4,10.0,3.0,20.0,480,4,161
Beban Sangat Rendah,base,80161,54,54,54,0,0.0,0.0,0.0,2.973580103635632,0.0,0,8.363194041475221,6.75,0.0,4,10.0,3.0,20.0,480,4,162
Beban Sangat Rendah,base,80162,54,54,54,0,0.0,0.0,0.0,3.063295411163088,0.0,0,8.615518343896184,6.75,0.0,4,10.0,3.0,20.0,480,4,163
Beban Sangat Rendah,base,80163,45,45,45,0,0.0,0.0,0.0,3.089214230725815,0.0,0,7.240345853263627,5.625,0.0,4,10.0,3.0,20.0,480,4,164
Beban Sangat Rendah,base,80164,44,44,44,0,0.0,0.0,0.0,2.958518778121106,0.0,0,6.779938866527528,5.5,0.0,4,10.0,3.0,20.0,480,4,165
Beban Sangat Rendah,base,80165,42,42,42,0,0.0,0.0,0.0,2.9856557009119546,0.0,0,6.531121845744897,5.25,0.0,4,10.0,3.0,20.0,480,4,166
Beban Sangat Rendah,base,80166,37,37,37,0,0.0,0.0,0.0,3.0939826464578584,0.0,0,5.962362391611501,4.625,0.0,4,10.0,3.0,20.0,480,4,167
Beban Sangat Rendah,base,80167,50,50,50,0,0.0,0.0,0.0,3.027213083939648,0.0,0,7.883367406092834,6.25,0.0,4,10.0,3.0,20.0,480,4,168
Beban Sangat Rendah,base,80168,47,47,46,0,0.0,0.0,0.0,3.1069399343360695,0.0,0,7.510739663400115,5.75,0.0,4,10.0,3.0,20.0,480,4,169
Beban Sangat Rendah,base,80169,49,49,48,0,0.0,0.0,0.0,2.963240945251331,0.0,0,7.503666727703277,6.0,0.0,4,10.0,3.0,20.0,480,4,170
Beban Sangat Rendah,base,80170,46,46,46,0,0.0,0.0,0.0,2.876400820122762,0.0,0,6.891376964877445,5.75,0.0,4,10.0,3.0,20.0,480,4,171
Beban Sangat Rendah,base,80171,53,53,53,0,0.0,0.0,0.0,3.0994795858097417,0.0,0,8.555855106662316,6.625,0.0,4,10.0,3.0,20.0,480,4,172
Beban Sangat Rendah,base,80172,45,45,45,0,0.0,0.0,0.0,2.9615046493016988,0.0,0,6.941026521800854,5.625,0.0,4,10.0,3.0,20.0,480,4,173
Beban Sangat Rendah,base,80173,44,44,44,0,0.0,0.0,0.0,3.203460821524331,0.0,0,7.34126438265992,5.5,0.0,4,10.0,3.0,20.0,480,4,174
Beban Sangat Rendah,base,80174,43,43,43,0,0.0,0.0,0.0,3.056393935681814,0.0,0,6.845048918454058,5.375,0.0,4,10.0,3.0,20.0,480,4,175
Beban Sangat Rendah,base,80175,50,50,50,0,0.0,0.0,0.0,2.96752383633371,0.0,0,7.7279266571190455,6.25,0.0,4,10.0,3.0,20.0,480,4,176
Beban Sangat Rendah,base,80176,44,44,43,0,0.0,0.0,0.0,3.0043090152687673,0.0,0,6.8295884748832805,5.375,0.0,4,10.0,3.0,20.0,480,4,177
Beban Sangat Rendah,base,80177,42,42,41,0,0.0,0.0,0.0,3.0467902696758187,0.0,0,6.52774080029785,5.125,0.0,4,10.0,3.0,20.0,480,4,178
Beban Sangat Rendah,base,80178,55,55,54,0,0.0,0.0,0.0,3.0214050931330094,0.0,0,8.564738602626026,6.75,0.0,4,10.0,3.0,20.0,480,4,179
Beban Sangat Rendah,base,80179,52,52,51,0,0.0,0.0,0.0,2.9696790073564845,0.0,0,7.904687616285362,6.375,0.0,4,10.0,3.0,20.0,480,4,180
Beban Sangat Rendah,base,80180,57,57,57,0,0.0,0.0,0.0,3.012870331163292,0.0,0,8.94445879564103,7.125,0.0,4,10.0,3.0,20.0,480,4,181
Beban Sangat Rendah,base,80181,56,56,56,0,0.0,0.0,0.0,3.0767614344683407,0.0,0,8.973887517199323,7.0,0.0,4,10.0,3.0,20.0,480,4,182
Beban Sangat Rendah,base,80182,53,53,53,0,0.0,0.0,0.0,2.9510734232881766,0.0,0,8.146192262201742,6.625,0.0,4,10.0,3.0,20.0,480,4,183
Beban Sangat Rendah,base,80183,49,49,49,0,0.0,0.0,0.0,3.0515287027502036,0.0,0,7.787755543477084,6.125,0.0,4,10.0,3.0,20.0,480,4,184
Beban Sangat Rendah,base,80184,42,42,42,0,0.0,0.0,0.0,3.1426479378101635,0.0,0,6.874542363959731,5.25,0.0,4,10.0,3.0,20.0,480,4,185
Beban Sangat Rendah,base,80185,46,46,46,0,0.0,0.0,0.0,3.1244359695307398,0.0,0,7.485627843667392,5.75,0.0,4,10.0,3.0,20.0,480,4,186
Beban Sangat Rendah,base,80186,55,55,55,0,0.0,0.0,0.0,3.0190995772304,0.0,0,8.64846233060792,6.875,0.0,4,10.0,3.0,20.0,480,4,187
Beban Sangat Rendah,base,80187,35,35,35,0,0.0,0.0,0.0,3.0749597984685852,0.0,0,5.605395465958356,4.375,0.0,4,10.0,3.0,20.0,480,4,188
Beban Sangat Rendah,base,80188,46,46,45,0,0.0,0.0,0.0,2.9420115089496828,0.0,0,6.885048470171143,5.625,0.0,4,10.0,3.0,20.0,480,4,189
Beban Sangat Rendah,base,80189,46,46,45,0,0.0,0.0,0.0,2.9168718421611275,0.0,0,6.956558808064853,5.625,0.0,4,10.0,3.0,20.0,480,4,190
Beban Sangat Rendah,base,80190,59,59,58,0,0.0,0.0,0.0,3.1267237631162477,0.0,0,9.519901251672128,7.25,0.0,4,10.0,3.0,20.0,480,4,191
Beban Sangat Rendah,base,80191,48,48,47,0,0.0,0.0,0.0,2.901395211733252,0.0,0,7.202106517720957,5.875,0.0,4,10.0,3.0,20.0,480,4,192
Beban Sangat Rendah,base,80192,55,55,54,0,0.0,0.0,0.0,2.8785952206790064,0.0,0,8.19907294193419,6.75,0.0,4,10.0,3.0,20.0,480,4,193
Beban Sangat Rendah,base,80193,56,56,56,0,0.0,0.0,0.0,2.838165549256447,0.0,0,8.27798285199796,7.0,0.0,4,10.0,3.0,20.0,480,4,194
Beban Sangat Rendah,base,80194,52,52,52,0,0.0,0.0,0.0,2.876695387816192,0.0,0,7.791050008668847,6.5,0.0,4,10.0,3.0,20.0,480,4,195
Beban Sangat Rendah,base,80195,43,43,43,0,0.0,0.0,0.0,2.9142544689853778,0.0,0,6.526715737831832,5.375,0.0,4,10.0,3.0,20.0,480,4,196
Beban Sangat Rendah,base,80196,51,51,50,0,0.0,0.0,0.0,2.8589758044645692,0.0,0,7.546117028844914,6.25,0.0,4,10.0,3.0,20.0,480,4,197
Beban Sangat Rendah,base,80197,58,58,57,0,0.0,0.0,0.0,2.8686675820279026,0.0,0,8.594090197194884,7.125,0.0,4,10.0,3.0,20.0,480,4,198
Beban Sangat Rendah,base,80198,40,40,40,0,0.0,0.0,0.0,3.136286118813893,0.0,0,6.533929414195611,5.0,0.0,4,10.0,3.0,20.0,480,4,199
Beban Sangat Rendah,base,80199,39,39,39,0,0.0,0.0,0.0,3.155976637041946,0.0,0,6.410577543991454,4.875,0.0,4,10.0,3.0,20.0,480,4,200
Beban Sangat Tinggi,base,81000,311,98,95,213,7.368408848822378,5.995664816160802,8.0,8.952807578278504,4.719193130813351,12,100.0,11.875,68.48874598070739,1,1.5,5.0,8.0,480,4,1
Beban Sangat Tinggi,base,81001,327,98,96,229,7.501313613176857,6.336015831722783,8.0,8.997791413107164,5.0849963648226275,14,100.0,12.0,70.03058103975535,1,1.5,5.0,8.0,480,4,2
Beban Sangat Tinggi,base,81002,334,100,98,234,7.476261405939458,6.250713095837787,8.0,8.942251006404316,5.159022597672704,14,100.0,12.25,70.05988023952095,1,1.5,5.0,8.0,480,4,3
Beban Sangat Tinggi,base,81003,323,98,96,225,7.415789245249016,6.074489043014606,8.0,8.928160865078796,4.975036333795007,18,99.91723492723514,12.0,69.65944272445822,1,1.5,5.0,8.0,480,4,4
Beban Sangat Tinggi,base,81004,343,99,98,244,7.58871528457557,6.57504386474163,8.0,9.002639385023937,5.409554559627731,13,100.0,12.25,71.13702623906705,1,1.5,5.0,8.0,480,4,5
Beban Sangat Tinggi,base,81005,339,97,96,242,7.527624816273564,6.349121780584934,8.0,8.95930741137664,5.263100724021077,12,99.93591426188068,12.0,71.38643067846607,1,1.5,5.0,8.0,480,4,6
Beban Sangat Tinggi,base,81006,300,95,93,205,7.460047722647802,6.294887545203588,8.0,9.092661518099455,4.645647498133441,12,99.8980576481873,11.625,68.33333333333333,1,1.5,5.0,8.0,480,4,7
Beban Sangat Tinggi,base,81007,322,97,95,225,7.513809033834603,6.386046483450949,8.0,9.018185054904752,5.030389093060213,11,100.0,11.875,69.87577639751554,1,1.5,5.0,8.0,480,4,8
Beban Sangat Tinggi,base,81008,296,97,94,199,7.442245564802349,6.297986465788611,8.0,9.108378957163557,4.574489022052406,17,100.0,11.75,67.22972972972973,1,1.5,5.0,8.0,480,4,9
Beban Sangat Tinggi,base,81009,334,101,99,233,7.513738780393246,6.391967848033113,8.0,8.99508538082502,5.1978289411468666,14,100.0,12.375,69.76047904191617,1,1.5,5.0,8.0,480,4,10
Beban Sangat Tinggi,base,81010,320,97,95,223,7.488142785536359,6.3113988801199605,8.0,9.004020115707958,4.955589096601278,13,99.21717982975545,11.875,69.6875,1,1.5,5.0,8.0,480,4,11
Beban Sangat Tinggi,base,81011,321,95,93,226,7.454377059703112,6.1563688017336755,8.0,8.973657195664304,4.963452070946405,14,99.90871540893188,11.625,70.40498442367601,1,1.5,5.0,8.0,480,4,12
Beban Sangat Tinggi,base,81012,335,96,93,239,7.597847182816945,6.596654231704968,8.0,9.06406469093527,5.271583088042781,12,100.0,11.625,71.34328358208955,1,1.5,5.0,8.0,480,4,13
Beban Sangat Tinggi,base,81013,303,97,95,206,7.409639833355468,6.155885252646465,8.0,9.006777514200996,4.623010090252062,14,99.02025304214261,11.875,67.98679867986799,1,1.5,5.0,8.0,480,4,14
Beban Sangat Tinggi,base,81014,332,98,96,234,7.536588736136386,6.43007612650286,8.0,9.013934668137091,5.13271231912383,13,99.87963939080234,12.0,70.48192771084338,1,1.5,5.0,8.0,480,4,15
Beban Sangat Tinggi,base,81015,319,98,95,221,7.403677349818795,6.058908924410157,8.0,8.925963585889898,4.850374929005738,13,99.21415652910497,11.875,69.27899686520375,1,1.5,5.0,8.0,480,4,16
Beban Sangat Tinggi,base,81016,326,98,96,228,7.510489748110722,6.371629162082618,8.0,9.008234464106497,5.05593616123775,13,100.0,12.0,69.93865030674846,1,1.5,5.0,8.0,480,4,17
Beban Sangat Tinggi,base,81017,324,97,95,227,7.474549340727363,6.2448864576872625,8.0,8.981309437284585,4.9638723708187396,17,100.0,11.875,70.06172839506173,1,1.5,5.0,8.0,480,4,18
Beban Sangat Tinggi,base,81018,314,97,94,217,7.471139468341685,6.288018485147294,8.0,9.030258219111358,4.839921263745203,12,99.90885941060034,11.75,69.10828025477707,1,1.5,5.0,8.0,480,4,19
Beban Sangat Tinggi,base,81019,321,99,96,222,7.449667526437087,6.215588646326303,8.0,8.983984760364697,4.943864621626273,15,99.92675871325424,12.0,69.1588785046729,1,1.5,5.0,8.0,480,4,20
Beban Sangat Tinggi,base,81020,326,97,95,229,7.48908654520249,6.282909419958885,8.0,8.980306876304402,5.041299247516295,12,100.0,11.875,70.24539877300614,1,1.5,5.0,8.0,480,4,21
Beban Sangat Tinggi,base,81021,335,98,95,237,7.5418261339285575,6.433793417000675,8.0,9.013450308111038,5.201735628880822,12,100.0,11.875,70.74626865671641,1,1.5,5.0,8.0,480,4,22
Beban Sangat Tinggi,base,81022,313,100,98,213,7.388002375496163,6.08444743530299,8.0,8.93475027568204,4.799242653451784,13,99.91745682450684,12.25,68.05111821086261,1,1.5,5.0,8.0,480,4,23
Beban Sangat Tinggi,base,81023,311,97,95,214,7.531227986582629,6.49702993636287,8.0,9.094309463877519,4.867047562058485,12,100.0,11.875,68.81028938906752,1,1.5,5.0,8.0,480,4,24
Beban Sangat Tinggi,base,81024,283,99,96,184,7.295562341333065,5.986304470679373,8.0,9.020290260622016,4.207973774540956,15,99.83743107444735,12.0,65.01766784452296,1,1.5,5.0,8.0,480,4,25
Beban Sangat Tinggi,base,81025,342,98,96,244,7.571697311263803,6.5053110250226505,8.0,8.995584052178936,5.337147257007002,13,99.25387354074661,12.0,71.34502923976608,1,1.5,5.0,8.0,480,4,26
Beban Sangat Tinggi,base,81026,331,100,98,231,7.412287033432103,6.054670080660262,8.0,8.87401824253811,5.110727362013061,15,99.75703883767693,12.25,69.78851963746223,1,1.5,5.0,8.0,480,4,27
Beban Sangat Tinggi,base,81027,304,97,95,207,7.604882001493029,6.761692045916297,8.0,9.213111124620928,4.7501259799703055,13,100.0,11.875,68.0921052631579,1,1.5,5.0,8.0,480,4,28
Beban Sangat Tinggi,base,81028,331,98,96,233,7.496965111821868,6.300974000133052,8.0,8.972126981377105,5.124445803091853,14,99.80639989730096,12.0,70.39274924471299,1,1.5,5.0,8.0,480,4,29
Beban Sangat Tinggi,base,81029,319,98,96,221,7.509593844497581,6.4036779223951905,8.0,9.036483075961542,4.9306223688702255,14,100.0,12.0,69.27899686520375,1,1.5,5.0,8.0,480,4,30
Beban Sangat Tinggi,base,81030,283,99,97,184,7.3356173945371665,6.100805279333513,8.0,9.040107438842144,4.278816835365274,11,98.72056943653435,12.125,65.01766784452296,1,1.5,5.0,8.0,480,4,31
Beban Sangat Tinggi,base,81031,296,97,95,199,7.36452355670387,6.060814152415946,8.0,9.012540114485626,4.5228957807912895,13,100.0,11.875,67.22972972972973,1,1.5,5.0,8.0,480,4,32
Beban Sangat Tinggi,base,81032,318,96,94,222,7.383025609943644,5.956272332938322,8.0,8.915529021224526,4.882680630514246,13,100.0,11.75,69.81132075471697,1,1.5,5.0,8.0,480,4,33
Beban Sangat Tinggi,base,81033,309,98,96,211,7.499738162560612,6.422643798277837,8.0,9.075421670582715,4.822941762345446,12,100.0,12.0,68.28478964401295,1,1.5,5.0,8.0,480,4,34
Beban Sangat Tinggi,base,81034,330,100,98,230,7.520102979828814,6.416339833435077,8.0,9.00670235823325,5.113690786706348,12,100.0,12.25,69.6969696969697,1,1.5,5.0,8.0,480,4,35
Beban Sangat Tinggi,base,81035,331,98,96,233,7.602695257364517,6.658082961098515,8.0,9.069799092451944,5.21807342327508,12,100.0,12.0,70.39274924471299,1,1.5,5.0,8.0,480,4,36
Beban Sangat Tinggi,base,81036,328,98,95,230,7.509854737049076,6.359513813796903,8.0,9.00954825460133,5.098137771101945,12,100.0,11.875,70.1219512195122,1,1.5,5.0,8.0,480,4,37
Beban Sangat Tinggi,base,81037,343,99,96,244,7.5914609363527745,6.5845565774646655,8.0,9.029630521181515,5.321135259132448,15,100.0,12.0,71.13702623906705,1,1.5,5.0,8.0,480,4,38
Beban Sangat Tinggi,base,81038,316,97,95,219,7.474520121037811,6.288127404618037,8.0,9.020654830323801,4.899870399768292,13,100.0,11.875,69.30379746835443,1,1.5,5.0,8.0,480,4,39
Beban Sangat Tinggi,base,81039,330,98,95,232,7.473064416477517,6.225625075893681,8.0,8.95509035026903,5.119739654698435,14,100.0,11.875,70.3030303030303,1,1.5,5.0,8.0,480,4,40
Beban Sangat Tinggi,base,81040,322,100,98,222,7.531614696379421,6.491799322341745,8.0,9.059864031522745,5.01172228501015,12,100.0,12.25,68.94409937888199,1,1.5,5.0,8.0,480,4,41
Beban Sangat Tinggi,base,81041,282,99,97,183,7.399000854299754,6.288063039520512,8.0,9.133426120879427,4.260080011941587,12,100.0,12.125,64.8936170212766,1,1.5,5.0,8.0,480,4,42
Beban Sangat Tinggi,base,81042,337,97,95,240,7.4833594502558975,6.205073553981816,8.0,8.935050229965562,5.201007533509899,14,100.0,11.875,71.2166172106825,1,1.5,5.0,8.0,480,4,43
Beban Sangat Tinggi,base,81043,313,97,95,216,7.481151097013704,6.325776220260719,8.0,9.033290194720442,4.866331483885959,15,99.57021808909651,11.875,69.00958466453673,1,1.5,5.0,8.0,480,4,44
Beban Sangat Tinggi,base,81044,344,99,96,245,7.551686711765296,6.442224533810723,8.0,8.976844277984135,5.397516473459065,13,100.0,12.0,71.22093023255815,1,1.5,5.0,8.0,480,4,45
Beban Sangat Tinggi,base,81045,289,101,98,188,7.383827498908982,6.236892546383138,8.0,9.072461050704444,4.3615248584173685,14,99.13643132925777,12.25,65.05190311418684,1,1.5,5.0,8.0,480,4,46
Beban Sangat Tinggi,base,81046,300,98,95,202,7.524966645975063,6.545816263188968,8.0,9.161655584160718,4.667471134157875,12,99.70897104920857,11.875,67.33333333333333,1,1.5,5.0,8.0,480,4,47
Beban Sangat Tinggi,base,81047,312,95,93,217,7.468360319817072,6.25398336613607,8.0,9.02320435718277,4.821151978453184,11,99.01163408652637,11.625,69.55128205128204,1,1.5,5.0,8.0,480,4,48
Beban Sangat Tinggi,base,81048,309,98,96,211,7.407229310042739,6.130957722481695,8.0,8.984797683044945,4.741540527551851,13,99.67058224286798,12.0,68.28478964401295,1,1.5,5.0,8.0,480,4,49
Beban Sangat Tinggi,base,81049,293,96,94,197,7.457704641159804,6.344869373539832,8.0,9.120783662303124,4.509599879971565,15,100.0,11.75,67.23549488054607,1,1.5,5.0,8.0,480,4,50
Beban Sangat Tinggi,base,81050,299,98,95,201,7.352049684580708,6.023090364179921,8.0,8.974878481606908,4.511977540193709,13,99.12471210098059,11.875,67.22408026755853,1,1.5,5.0,8.0,480,4,51
Beban Sangat Tinggi,base,81051,304,101,99,203,7.445486286708862,6.33096862534152,8.0,9.052143998227987,4.692659644478075,11,100.0,12.375,66.77631578947368,1,1.5,5.0,8.0,480,4,52
Beban Sangat Tinggi,base,81052,284,97,95,187,7.325772988895958,6.025974524190227,8.0,9.039080990061029,4.328973996578115,12,100.0,11.875,65.84507042253522,1,1.5,5.0,8.0,480,4,53
Beban Sangat Tinggi,base,81053,310,96,94,214,7.433003442008821,6.169073614820142,8.0,8.998251621348711,4.781401202904281,14,100.0,11.75,69.03225806451613,1,1.5,5.0,8.0,480,4,54
Beban Sangat Tinggi,base,81054,310,96,94,214,7.476014123885777,6.307962275047818,8.0,9.048553332304744,4.813583817684064,11,100.0,11.75,69.03225806451613,1,1.5,5.0,8.0,480,4,55
Beban Sangat Tinggi,base,81055,364,98,96,266,7.5960928320707595,6.4997733762628185,8.0,8.936580475619838,5.685313955045655,16,100.0,12.0,73.07692307692307,1,1.5,5.0,8.0,480,4,56
Beban Sangat Tinggi,base,81056,304,99,97,205,7.45386822458579,6.322989295697787,8.0,9.062179875087418,4.703221678673227,12,100.0,12.125,67.43421052631578,1,1.5,5.0,8.0,480,4,57
Beban Sangat Tinggi,base,81057,322,96,94,226,7.562315188782265,6.531932195707171,8.0,9.07792386296914,5.0550346196897635,12,100.0,11.75,70.1863354037267,1,1.5,5.0,8.0,480,4,58
Beban Sangat Tinggi,base,81058,289,102,100,187,7.352926460656753,6.166624971860805,8.0,9.053370043829434,4.41418602793858,13,99.63003104685768,12.5,64.70588235294117,1,1.5,5.0,8.0,480,4,59
Beban Sangat Tinggi,base,81059,338,97,96,241,7.436553900307852,6.036651735093345,8.0,8.855093044804477,5.236573371466779,13,98.91491525294204,12.0,71.30177514792899,1,1.5,5.0,8.0,480,4,60
Beban Sangat Tinggi,base,81060,321,97,96,224,7.521055255982159,6.415038527528593,8.0,9.026733837927612,5.0107357314189285,14,99.74289994601828,12.0,69.78193146417445,1,1.5,5.0,8.0,480,4,61
Beban Sangat Tinggi,base,81061,345,95,93,250,7.568803013134916,6.434074100332045,8.0,8.980654226669248,5.403363423526683,13,99.3491603807159,11.625,72.46376811594203,1,1.5,5.0,8.0,480,4,62
Beban Sangat Tinggi,base,81062,344,97,94,247,7.501866888225999,6.233424840719008,8.0,8.92605250321771,5.314736215119425,14,100.0,11.75,71.80232558139535,1,1.5,5.0,8.0,480,4,63
Beban Sangat Tinggi,base,81063,336,95,94,241,7.55364293415219,6.421305535527752,8.0,8.993354882074957,5.270890433475482,10,100.0,11.75,71.72619047619048,1,1.5,5.0,8.0,480,4,64
Beban Sangat Tinggi,base,81064,316,96,93,220,7.516040893958338,6.406967942612847,8.0,9.064463261692936,4.909698236338081,12,99.8625692116035,11.625,69.62025316455697,1,1.5,5.0,8.0,480,4,65
Beban Sangat Tinggi,base,81065,340,98,95,242,7.57322398981815,6.519348536103792,8.0,9.013739290206637,5.337141654078527,13,99.8099815341254,11.875,71.17647058823529,1,1.5,5.0,8.0,480,4,66
Beban Sangat Tinggi,base,81066,320,96,93,224,7.444216041962493,6.147386806541637,8.0,8.985497546592196,4.915720020704268,14,100.0,11.625,70.0,1,1.5,5.0,8.0,480,4,67
Beban Sangat Tinggi,base,81067,291,99,98,192,7.384145852325745,6.189762050775679,8.0,9.052576041464201,4.459814186553164,12,99.99158482250519,12.25,65.97938144329896,1,1.5,5.0,8.0,480,4,68
Beban Sangat Tinggi,base,81068,359,97,94,262,7.60409895291637,6.534757980381202,8.0,8.968271149921028,5.6525146120156835,16,100.0,11.75,72.98050139275766,1,1.5,5.0,8.0,480,4,69
Beban Sangat Tinggi,base,81069,300,93,90,207,7.448469745061608,6.220870145360023,8.0,9.075457856711962,4.615928449877441,13,99.92973397687221,11.25,69.0,1,1.5,5.0,8.0,480,4,70
Beban Sangat Tinggi,base,81070,312,97,95,215,7.509753081363551,6.423123313251828,8.0,9.07986594229951,4.819509459657455,14,100.0,11.875,68.91025641025641,1,1.5,5.0,8.0,480,4,71
Beban Sangat Tinggi,base,81071,318,93,90,225,7.4701090521040125,6.188114823323397,8.0,9.01031305559883,4.919964868166615,14,100.0,11.25,70.75471698113208,1,1.5,5.0,8.0,480,4,72
Beban Sangat Tinggi,base,81072,344,99,97,245,7.627170750156886,6.704512505595635,8.0,9.051012043662732,5.420190139779353,13,100.0,12.125,71.22093023255815,1,1.5,5.0,8.0,480,4,73
Beban Sangat Tinggi,base,81073,340,97,95,243,7.498222101956045,6.241190872835623,8.0,8.925100922475206,5.271502113298271,15,99.4985361519071,11.875,71.47058823529412,1,1.5,5.0,8.0,480,4,74
Beban Sangat Tinggi,base,81074,331,96,93,235,7.463266505004689,6.149387637047414,8.0,8.939202360625508,5.114181493950718,13,99.37557764164472,11.625,70.99697885196375,1,1.5,5.0,8.0,480,4,75
Beban Sangat Tinggi,base,81075,331,95,93,236,7.54489980692228,6.414335116750251,8.0,9.029710804743315,5.115895076028008,13,100.0,11.625,71.29909365558912,1,1.5,5.0,8.0,480,4,76
Beban Sangat Tinggi,base,81076,304,100,98,204,7.475335778276342,6.4050207659600895,8.0,9.076404695674261,4.697695305751565,13,100.0,12.25,67.10526315789474,1,1.5,5.0,8.0,480,4,77
Beban Sangat Tinggi,base,81077,289,97,95,192,7.356020474060002,6.081339350549897,8.0,9.046017484390704,4.390281013514314,12,99.80261661710122,11.875,66.43598615916954,1,1.5,5.0,8.0,480,4,78
Beban Sangat Tinggi,base,81078,319,98,95,221,7.498472184943584,6.367475785683708,8.0,9.031934839107269,4.910030745016088,14,99.79779819576987,11.875,69.27899686520375,1,1.5,5.0,8.0,480,4,79
Beban Sangat Tinggi,base,81079,328,97,95,231,7.5101637746701515,6.343646578266079,8.0,8.992667218803202,5.120294324934126,18,99.16391695840134,11.875,70.42682926829268,1,1.5,5.0,8.0,480,4,80
Beban Sangat Tinggi,base,81080,319,98,96,221,7.476418585757034,6.295689069964222,8.0,8.998435504360428,4.938725774996661,14,99.63447917725969,12.0,69.27899686520375,1,1.5,5.0,8.0,480,4,81
Beban Sangat Tinggi,base,81081,318,100,97,218,7.5862185341964405,6.684174938744679,8.0,9.127341331385683,4.999386897485053,13,99.56215273048822,12.125,68.55345911949685,1,1.5,5.0,8.0,480,4,82
Beban Sangat Tinggi,base,81082,323,101,99,222,7.453417466230016,6.252018233587093,8.0,8.966915124585107,4.968181450574322,12,99.35593713134344,12.375,68.73065015479877,1,1.5,5.0,8.0,480,4,83
Beban Sangat Tinggi,base,81083,340,97,94,243,7.5345077897842305,6.368377819862241,8.0,8.9819353682403,5.31300146439361,12,99.7977605013973,11.75,71.47058823529412,1,1.5,5.0,8.0,480,4,84
Beban Sangat Tinggi,base,81084,331,95,93,236,7.52856189188539,6.35741038120067,8.0,8.998311873673778,5.1542640735934135,13,100.0,11.625,71.29909365558912,1,1.5,5.0,8.0,480,4,85
Beban Sangat Tinggi,base,81085,314,98,96,216,7.475065589393233,6.3180672966272935,8.0,9.026643279155445,4.856193162447368,12,100.0,12.0,68.78980891719745,1,1.5,5.0,8.0,480,4,86
Beban Sangat Tinggi,base,81086,333,97,95,236,7.564461121223222,6.504799519250864,8.0,9.030126067164938,5.217284037939157,13,100.0,11.875,70.87087087087087,1,1.5,5.0,8.0,480,4,87
Beban Sangat Tinggi,base,81087,290,101,98,189,7.375164074916805,6.205916650751229,8.0,9.071275708496794,4.411294492892315,11,100.0,12.25,65.17241379310344,1,1.5,5.0,8.0,480,4,88
Beban Sangat Tinggi,base,81088,313,96,94,217,7.52052228217367,6.436702857503728,8.0,9.079082282541247,4.8842181329589325,15,100.0,11.75,69.32907348242811,1,1.5,5.0,8.0,480,4,89
Beban Sangat Tinggi,base,81089,355,99,97,256,7.565713909970209,6.442711495347712,8.0,8.949215903346143,5.544575377309131,13,100.0,12.125,72.11267605633803,1,1.5,5.0,8.0,480,4,90
Beban Sangat Tinggi,base,81090,290,99,96,191,7.434355523781289,6.343061635318925,8.0,9.13435169777456,4.434745944642428,11,100.0,12.0,65.86206896551724,1,1.5,5.0,8.0,480,4,91
Beban Sangat Tinggi,base,81091,344,102,100,242,7.563141529293849,6.526673392912585,8.0,8.985071877260589,5.399759039394528,15,100.0,12.5,70.34883720930233,1,1.5,5.0,8.0,480,4,92
Beban Sangat Tinggi,base,81092,313,101,99,212,7.332436513559724,5.931214145982107,8.0,8.889003476191593,4.746406038916863,12,99.95727913792832,12.375,67.73162939297124,1,1.5,5.0,8.0,480,4,93
Beban Sangat Tinggi,base,81093,311,98,95,213,7.463349489206784,6.296956032074598,8.0,9.037073632511241,4.7220744699085575,14,100.0,11.875,68.48874598070739,1,1.5,5.0,8.0,480,4,94
Beban Sangat Tinggi,base,81094,324,100,98,224,7.520729445704435,6.4471634040823655,8.0,9.026027572805134,5.02455892692738,12,99.6196082718707,12.25,69.1358024691358,1,1.5,5.0,8.0,480,4,95
Beban Sangat Tinggi,base,81095,299,94,93,205,7.4002146259906,6.092172055012662,8.0,9.008732629211792,4.609717027439978,13,99.76136155016025,11.625,68.56187290969899,1,1.5,5.0,8.0,480,4,96
Beban Sangat Tinggi,base,81096,326,98,95,228,7.565774450347287,6.555535416461381,8.0,9.081735753863207,5.108522820443242,14,100.0,11.875,69.93865030674846,1,1.5,5.0,8.0,480,4,97
Beban Sangat Tinggi,base,81097,324,95,93,229,7.53586828934287,6.417066586811485,8.0,9.04274373005132,5.050328229313105,13,100.0,11.625,70.67901234567901,1,1.5,5.0,8.0,480,4,98
Beban Sangat Tinggi,base,81098,285,97,96,188,7.4220679889975685,6.301952338807298,8.0,9.113952559029375,4.406852868467307,14,99.48495398904687,12.0,65.96491228070175,1,1.5,5.0,8.0,480,4,99
Beban Sangat Tinggi,base,81099,304,97,94,207,7.427238728724656,6.204954366312321,8.0,9.025484694922564,4.65654942076963,10,98.99682648040243,11.75,68.0921052631579,1,1.5,5.0,8.0,480,4,100
Beban Sangat Tinggi,base,81100,339,98,96,241,7.474377402152391,6.181774891118974,8.0,8.923285395530574,5.22393878925065,12,100.0,12.0,71.09144542772862,1,1.5,5.0,8.0,480,4,101
Beban Sangat Tinggi,base,81101,375,95,92,280,7.6625761720808185,6.668063837161127,8.0,8.973754386319458,5.871243664145109,15,100.0,11.5,74.66666666666667,1,1.5,5.0,8.0,480,4,102
Beban Sangat Tinggi,base,81102,344,99,97,245,7.583856321565975,6.554005804229239,8.0,9.000985886243212,5.385676906535683,12,100.0,12.125,71.22093023255815,1,1.5,5.0,8.0,480,4,103
Beban Sangat Tinggi,base,81103,325,98,96,227,7.480324048846847,6.2765848558696655,8.0,8.97505715403086,5.0560408718777445,12,100.0,12.0,69.84615384615384,1,1.5,5.0,8.0,480,4,104
Beban Sangat Tinggi,base,81104,317,99,97,218,7.4493120756758024,6.236686141305355,8.0,8.982917424158886,4.892757310425667,12,99.80409934360972,12.125,68.76971608832808,1,1.5,5.0,8.0,480,4,105
Beban Sangat Tinggi,base,81105,326,101,98,225,7.452426099409767,6.232583251560234,8.0,8.959079581796303,5.034765587197544,13,100.0,12.25,69.01840490797547,1,1.5,5.0,8.0,480,4,106
Beban Sangat Tinggi,base,81106,293,103,100,190,7.363981434432219,6.190743303773207,8.0,9.033420717145077,4.470809160111737,12,99.73096316164597,12.5,64.84641638225256,1,1.5,5.0,8.0,480,4,107
Beban Sangat Tinggi,base,81107,353,102,100,251,7.467779871787229,6.158100928832284,8.0,8.850522411658954,5.4491364915891864,14,100.0,12.5,71.10481586402267,1,1.5,5.0,8.0,480,4,108
Beban Sangat Tinggi,base,81108,334,94,92,240,7.6066597464203705,6.6023867585574765,8.0,9.064510757492346,5.278537955398615,14,99.63314399843293,11.5,71.8562874251497,1,1.5,5.0,8.0,480,4,109
Beban Sangat Tinggi,base,81109,315,99,97,216,7.419008438809864,6.151390487122299,8.0,8.961856790212984,4.818540946710251,14,99.58478388335868,12.125,68.57142857142857,1,1.5,5.0,8.0,480,4,110
Beban Sangat Tinggi,base,81110,330,99,97,231,7.59236761438854,6.641225381295138,8.0,9.070575865676442,5.187689282730771,12,100.0,12.125,70.0,1,1.5,5.0,8.0,480,4,111
Beban Sangat Tinggi,base,81111,341,95,94,246,7.573475918991479,6.469003035537844,8.0,8.987372662877288,5.372186805733557,12,100.0,11.75,72.14076246334311,1,1.5,5.0,8.0,480,4,112
Beban Sangat Tinggi,base,81112,342,94,91,248,7.573830415006108,6.449468105660528,8.0,9.010635135718276,5.3265481250501,13,100.0,11.375,72.51461988304094,1,1.5,5.0,8.0,480,4,113
Beban Sangat Tinggi,base,81113,320,97,95,223,7.495109161475301,6.334380738887596,8.0,9.020905409007685,4.955511746915005,12,99.63637362702572,11.875,69.6875,1,1.5,5.0,8.0,480,4,114
Beban Sangat Tinggi,base,81114,320,96,94,224,7.469360700172099,6.231202333907002,8.0,8.997351545377596,4.9519120355019375,12,99.38181812704659,11.75,70.0,1,1.5,5.0,8.0,480,4,115
Beban Sangat Tinggi,base,81115,356,96,93,260,7.521963045335328,6.227279626451858,8.0,8.89043973972948,5.537580342956057,17,99.62473368690341,11.625,73.03370786516854,1,1.5,5.0,8.0,480,4,116
Beban Sangat Tinggi,base,81116,338,94,92,244,7.495152703039405,6.184698017311894,8.0,8.940290256701303,5.22622166696325,13,100.0,11.5,72.18934911242604,1,1.5,5.0,8.0,480,4,117
Beban Sangat Tinggi,base,81117,303,97,95,206,7.338128956893835,5.932505916895168,8.0,8.947550444345515,4.587699165156169,12,100.0,11.875,67.98679867986799,1,1.5,5.0,8.0,480,4,118
Beban Sangat Tinggi,base,81118,312,99,97,213,7.4053894657896695,6.126075892185635,8.0,8.96787714026238,4.810884251600023,14,100.0,12.125,68.26923076923077,1,1.5,5.0,8.0,480,4,119
Beban Sangat Tinggi,base,81119,309,96,93,213,7.366022976460817,5.959386455483252,8.0,8.945094314402901,4.711259671501339,11,99.72425502626973,11.625,68.93203883495146,1,1.5,5.0,8.0,480,4,120
Beban Sangat Tinggi,base,81120,299,96,93,203,7.490193627610727,6.412165569329244,8.0,9.125133543429028,4.602441263636921,11,100.0,11.625,67.89297658862876,1,1.5,5.0,8.0,480,4,121
Beban Sangat Tinggi,base,81121,329,98,95,231,7.482652952961222,6.263192056369796,8.0,8.972024189070712,5.062052648926602,12,100.0,11.875,70.2127659574468,1,1.5,5.0,8.0,480,4,122
Beban Sangat Tinggi,base,81122,336,98,96,238,7.5588224942011,6.487391408689502,8.0,9.005581190033032,5.261934641974923,12,99.78587099397235,12.0,70.83333333333334,1,1.5,5.0,8.0,480,4,123
Beban Sangat Tinggi,base,81123,339,96,94,243,7.503140401696265,6.2454645434899225,8.0,8.92350237045653,5.208478711426783,13,98.68247035586339,11.75,71.68141592920354,1,1.5,5.0,8.0,480,4,124
Beban Sangat Tinggi,base,81124,333,104,101,229,7.490999281823363,6.370218854299812,8.0,8.968836805089314,5.13273037101879,13,100.0,12.625,68.76876876876878,1,1.5,5.0,8.0,480,4,125
Beban Sangat Tinggi,base,81125,330,95,92,235,7.569933497536867,6.5060847809175355,8.0,9.063716174223728,5.1358789705558765,11,100.0,11.5,71.21212121212122,1,1.5,5.0,8.0,480,4,126
Beban Sangat Tinggi,base,81126,343,99,97,244,7.5299533900327615,6.371454674557946,8.0,8.953941683263961,5.314190458374239,14,100.0,12.125,71.13702623906705,1,1.5,5.0,8.0,480,4,127
Beban Sangat Tinggi,base,81127,302,99,96,203,7.340632272174866,5.9885954161293915,8.0,8.96232648024643,4.555735708042259,10,99.83490537385167,12.0,67.21854304635761,1,1.5,5.0,8.0,480,4,128
Beban Sangat Tinggi,base,81128,322,101,98,221,7.524829983029061,6.485101530053057,8.0,9.044194381787579,4.962110062639426,13,100.0,12.25,68.63354037267081,1,1.5,5.0,8.0,480,4,129
Beban Sangat Tinggi,base,81129,325,97,96,228,7.533313032042762,6.436358097050487,8.0,9.022552400823656,5.093469846003198,13,100.0,12.0,70.15384615384616,1,1.5,5.0,8.0,480,4,130
Beban Sangat Tinggi,base,81130,320,96,94,224,7.449538527354578,6.165128424515262,8.0,8.979124977737044,4.9425111842605665,13,99.93849772312224,11.75,70.0,1,1.5,5.0,8.0,480,4,131
Beban Sangat Tinggi,base,81131,316,96,94,220,7.482904413759153,6.297893695290544,8.0,9.02549882289941,4.907552478917331,11,100.0,11.75,69.62025316455697,1,1.5,5.0,8.0,480,4,132
Beban Sangat Tinggi,base,81132,311,97,94,214,7.506368485435408,6.4173257625815605,8.0,9.083270072408077,4.787686841145114,10,100.0,11.75,68.81028938906752,1,1.5,5.0,8.0,480,4,133
Beban Sangat Tinggi,base,81133,290,98,96,192,7.3854777003664935,6.181515643941671,8.0,9.079999104327484,4.452648570683944,13,100.0,12.0,66.20689655172414,1,1.5,5.0,8.0,480,4,134
Beban Sangat Tinggi,base,81134,312,98,96,214,7.491634764833589,6.381531088041625,8.0,9.063324232761694,4.811899958366648,14,99.63493059900702,12.0,68.58974358974359,1,1.5,5.0,8.0,480,4,135
Beban Sangat Tinggi,base,81135,332,99,97,233,7.535065404385123,6.440825396523842,8.0,9.007091343812066,5.134585892681982,12,99.9342680902684,12.125,70.18072289156626,1,1.5,5.0,8.0,480,4,136
Beban Sangat Tinggi,base,81136,329,96,93,233,7.5689403484421165,6.522722652473501,8.0,9.06153537869086,5.170653425136201,13,99.97896494705569,11.625,70.82066869300911,1,1.5,5.0,8.0,480,4,137
Beban Sangat Tinggi,base,81137,327,105,103,222,7.456526921370684,6.307469555125853,8.0,8.945293522834875,5.052808638301995,13,99.54515615412993,12.875,67.88990825688074,1,1.5,5.0,8.0,480,4,138
Beban Sangat Tinggi,base,81138,314,101,99,213,7.442268895289185,6.266063694265396,8.0,8.987463168461181,4.851211905543844,12,99.96430957646642,12.375,67.83439490445859,1,1.5,5.0,8.0,480,4,139
Beban Sangat Tinggi,base,81139,323,95,93,228,7.527424351263167,6.393242794294781,8.0,9.039990670981801,5.062657180288086,13,100.0,11.625,70.58823529411765,1,1.5,5.0,8.0,480,4,140
Beban Sangat Tinggi,base,81140,330,98,95,232,7.55265580621599,6.493636898482408,8.0,9.036208808142327,5.175666158141425,12,100.0,11.875,70.3030303030303,1,1.5,5.0,8.0,480,4,141
Beban Sangat Tinggi,base,81141,337,99,96,238,7.5437692988200435,6.446972259619749,8.0,8.999365765088381,5.265309118081106,14,100.0,12.0,70.62314540059347,1,1.5,5.0,8.0,480,4,142
Beban Sangat Tinggi,base,81142,323,93,91,230,7.537842599194097,6.394872683222519,8.0,9.048897126756124,4.986628479395977,14,100.0,11.375,71.20743034055728,1,1.5,5.0,8.0,480,4,143
Beban Sangat Tinggi,base,81143,320,99,97,221,7.423233158864731,6.135703139764788,8.0,8.934957673530494,4.918110032274728,13,99.2787912189121,12.125,69.0625,1,1.5,5.0,8.0,480,4,144
Beban Sangat Tinggi,base,81144,311,99,96,212,7.394623070526527,6.098260352866166,8.0,8.961766827553982,4.736615194109677,11,99.33500231493562,12.0,68.16720257234726,1,1.5,5.0,8.0,480,4,145
Beban Sangat Tinggi,base,81145,329,97,95,232,7.497287890283828,6.29492490622042,8.0,8.962146321480178,5.113545953819734,14,99.12566487739348,11.875,70.51671732522796,1,1.5,5.0,8.0,480,4,146
Beban Sangat Tinggi,base,81146,314,99,96,215,7.469392842597256,6.317064167429668,8.0,9.035930788204727,4.848573818016907,15,100.0,12.0,68.47133757961782,1,1.5,5.0,8.0,480,4,147
Beban Sangat Tinggi,base,81147,326,103,100,223,7.530273989637796,6.513294374970101,8.0,9.034735854455999,5.04814119150624,16,100.0,12.5,68.40490797546013,1,1.5,5.0,8.0,480,4,148
Beban Sangat Tinggi,base,81148,324,100,98,224,7.47066120842403,6.284942315293858,8.0,8.97546460800648,5.026863639669687,14,100.0,12.25,69.1358024691358,1,1.5,5.0,8.0,480,4,149
Beban Sangat Tinggi,base,81149,303,96,94,207,7.489414178211294,6.388463499979392,8.0,9.08859089416307,4.727497576529301,12,99.8610838014836,11.75,68.31683168316832,1,1.5,5.0,8.0,480,4,150
Beban Sangat Tinggi,base,81150,290,99,97,191,7.356623258333625,6.115361059765163,8.0,9.042584605567704,4.425604374113909,12,100.0,12.125,65.86206896551724,1,1.5,5.0,8.0,480,4,151
Beban Sangat Tinggi,base,81151,324,97,94,227,7.490808467132347,6.299195292277119,8.0,9.00109900329842,5.045152599647083,13,100.0,11.75,70.06172839506173,1,1.5,5.0,8.0,480,4,152
Beban Sangat Tinggi,base,81152,347,98,96,249,7.560886584636468,6.445180049682202,8.0,8.965981876575466,5.442160624559083,12,100.0,12.0,71.75792507204612,1,1.5,5.0,8.0,480,4,153
Beban Sangat Tinggi,base,81153,333,97,94,236,7.508811042935241,6.3137533742003695,8.0,8.978751277599834,5.128082067980415,13,99.79753775607502,11.75,70.87087087087087,1,1.5,5.0,8.0,480,4,154
Beban Sangat Tinggi,base,81154,301,98,97,203,7.428444225136932,6.244507262920581,8.0,9.038010488099228,4.642279650418884,12,100.0,12.125,67.44186046511628,1,1.5,5.0,8.0,480,4,155
Beban Sangat Tinggi,base,81155,326,97,95,229,7.581974129812681,6.595088312566325,8.0,9.084457998409237,5.1202039186439645,12,100.0,11.875,70.24539877300614,1,1.5,5.0,8.0,480,4,156
Beban Sangat Tinggi,base,81156,296,98,96,198,7.305641108787941,5.902752736747248,8.0,8.961477178791128,4.468441089720602,13,99.84692168339157,12.0,66.8918918918919,1,1.5,5.0,8.0,480,4,157
Beban Sangat Tinggi,base,81157,304,102,100,202,7.369442815491766,6.120692312838198,8.0,8.969717839687439,4.633222032021304,13,100.0,12.5,66.44736842105263,1,1.5,5.0,8.0,480,4,158
Beban Sangat Tinggi,base,81158,305,96,96,209,7.472421202679281,6.323838196012299,8.0,9.043797446778854,4.748100972535793,11,99.84786551049348,12.0,68.52459016393443,1,1.5,5.0,8.0,480,4,159
Beban Sangat Tinggi,base,81159,293,101,99,192,7.439109902617229,6.372863380859884,8.0,9.10182113076975,4.513822820418965,11,99.42677806527435,12.375,65.52901023890784,1,1.5,5.0,8.0,480,4,160
Beban Sangat Tinggi,base,81160,319,94,92,225,7.425061437209908,6.048878707127228,8.0,8.933225123175886,4.9160570049266035,13,98.68234668704204,11.5,70.53291536050156,1,1.5,5.0,8.0,480,4,161
Beban Sangat Tinggi,base,81161,332,95,93,237,7.586344379083781,6.554382461640164,8.0,9.062162526427052,5.223779875607758,12,100.0,11.625,71.3855421686747,1,1.5,5.0,8.0,480,4,162
Beban Sangat Tinggi,base,81162,336,98,95,238,7.5522177032931,6.464746411290611,8.0,9.001898997742856,5.183453962123127,14,99.70913494599019,11.875,70.83333333333334,1,1.5,5.0,8.0,480,4,163
Beban Sangat Tinggi,base,81163,319,97,94,222,7.493284452906245,6.333584953372077,8.0,9.027569375817528,4.968618050817414,12,100.0,11.75,69.59247648902821,1,1.5,5.0,8.0,480,4,164
Beban Sangat Tinggi,base,81164,325,98,95,227,7.475345616840326,6.260074749725572,8.0,8.969983223842732,4.974462934093071,14,99.3131839190943,11.875,69.84615384615384,1,1.5,5.0,8.0,480,4,165
Beban Sangat Tinggi,base,81165,321,104,102,217,7.42321740653766,6.219738341332578,8.0,8.936294035663103,4.948330707877185,12,99.8062710282578,12.75,67.601246105919,1,1.5,5.0,8.0,480,4,166
Beban Sangat Tinggi,base,81166,313,102,100,211,7.495920090027023,6.4531665507691995,8.0,9.055988192596608,4.8430667492660895,13,100.0,12.5,67.41214057507987,1,1.5,5.0,8.0,480,4,167
Beban Sangat Tinggi,base,81167,313,100,97,213,7.43200045975091,6.22216143902034,8.0,9.001111552168744,4.804492864330002,12,99.69495602688849,12.125,68.05111821086261,1,1.5,5.0,8.0,480,4,168
Beban Sangat Tinggi,base,81168,349,100,97,249,7.5508369958135235,6.432421115389186,8.0,8.95851406320985,5.448598048869883,17,100.0,12.125,71.34670487106017,1,1.5,5.0,8.0,480,4,169
Beban Sangat Tinggi,base,81169,315,98,96,217,7.5425239183866335,6.529541166242758,8.0,9.088140286195088,4.91619217961705,11,100.0,12.0,68.88888888888889,1,1.5,5.0,8.0,480,4,170
Beban Sangat Tinggi,base,81170,300,97,95,203,7.385421284775163,6.099241086933488,8.0,9.013510573907148,4.583437561462728,14,99.85300496619001,11.875,67.66666666666666,1,1.5,5.0,8.0,480,4,171
Beban Sangat Tinggi,base,81171,311,96,94,215,7.439490780828429,6.184183675392087,8.0,9.011597980066858,4.7725115020740665,11,100.0,11.75,69.13183279742765,1,1.5,5.0,8.0,480,4,172
Beban Sangat Tinggi,base,81172,331,98,96,233,7.485096984920726,6.260888796007751,8.0,8.950345928997693,5.126288041205142,12,99.81491671570056,12.0,70.39274924471299,1,1.5,5.0,8.0,480,4,173
Beban Sangat Tinggi,base,81173,336,99,96,237,7.5728881614143715,6.550408305406344,8.0,9.033639547554683,5.216792699505083,12,100.0,12.0,70.53571428571429,1,1.5,5.0,8.0,480,4,174
Beban Sangat Tinggi,base,81174,323,97,95,226,7.588135900690608,6.6285350095161535,8.0,9.100621231444807,5.061660475633874,11,100.0,11.875,69.96904024767801,1,1.5,5.0,8.0,480,4,175
Beban Sangat Tinggi,base,81175,326,96,94,230,7.50645386802567,6.323999593503832,8.0,8.999975702155593,5.037477933156552,14,99.7351828323529,11.75,70.5521472392638,1,1.5,5.0,8.0,480,4,176
Beban Sangat Tinggi,base,81176,303,100,98,203,7.383818365133249,6.132969646353747,8.0,9.000070993562924,4.588869237263856,12,100.0,12.25,66.996699669967,1,1.5,5.0,8.0,480,4,177
Beban Sangat Tinggi,base,81177,344,99,97,245,7.531399319948648,6.371730970326622,8.0,8.94892574141692,5.350739677436677,14,100.0,12.125,71.22093023255815,1,1.5,5.0,8.0,480,4,178
Beban Sangat Tinggi,base,81178,273,96,94,177,7.279668204522329,5.951556456610375,8.0,9.05707672567691,4.089622268927007,11,99.8769991307369,11.75,64.83516483516483,1,1.5,5.0,8.0,480,4,179
Beban Sangat Tinggi,base,81179,335,95,93,240,7.516791422786224,6.2960539645619615,8.0,8.975926781863976,5.190664835976076,16,100.0,11.625,71.64179104477611,1,1.5,5.0,8.0,480,4,180
Beban Sangat Tinggi,base,81180,323,98,96,225,7.454683954506313,6.20268282964836,8.0,8.955204377980444,4.9850908752494885,16,99.48862210201538,12.0,69.65944272445822,1,1.5,5.0,8.0,480,4,181
Beban Sangat Tinggi,base,81181,328,98,96,230,7.463050335428428,6.202862347148216,8.0,8.942614312427471,5.089178894094106,13,99.67618156176083,12.0,70.1219512195122,1,1.5,5.0,8.0,480,4,182
Beban Sangat Tinggi,base,81182,325,98,95,227,7.47306741935928,6.252519502977213,8.0,8.981517266019548,5.031491104946431,13,99.83324650747943,11.875,69.84615384615384,1,1.5,5.0,8.0,480,4,183
Beban Sangat Tinggi,base,81183,309,97,95,212,7.4665181501894695,6.3005578186448,8.0,9.042126935175135,4.790604501234054,14,100.0,11.875,68.6084142394822,1,1.5,5.0,8.0,480,4,184
Beban Sangat Tinggi,base,81184,337,96,94,241,7.574754937007666,6.5072126434539825,8.0,9.033042741380088,5.251499867197777,12,100.0,11.75,71.51335311572701,1,1.5,5.0,8.0,480,4,185
Beban Sangat Tinggi,base,81185,333,95,93,238,7.588294517977273,6.556863941962451,8.0,9.073466883553897,5.183933305848201,14,100.0,11.625,71.47147147147147,1,1.5,5.0,8.0,480,4,186
Beban Sangat Tinggi,base,81186,340,97,94,243,7.604946810573888,6.615277480362084,8.0,9.044335793170179,5.344054776226214,13,100.0,11.75,71.47058823529412,1,1.5,5.0,8.0,480,4,187
Beban Sangat Tinggi,base,81187,333,100,97,233,7.564376647616485,6.549374236562892,8.0,9.029671665124464,5.187682342707296,12,100.0,12.125,69.96996996996997,1,1.5,5.0,8.0,480,4,188
Beban Sangat Tinggi,base,81188,334,98,96,236,7.539304753490779,6.429875384346124,8.0,8.996802729891854,5.233718577947928,13,100.0,12.0,70.65868263473054,1,1.5,5.0,8.0,480,4,189
Beban Sangat Tinggi,base,81189,326,95,92,231,7.558567413899795,6.485189230856143,8.0,9.054882207775432,5.072411702586929,13,99.36092564143962,11.5,70.85889570552148,1,1.5,5.0,8.0,480,4,190
Beban Sangat Tinggi,base,81190,319,98,96,221,7.449088805451702,6.206727846317267,8.0,8.976638376535789,4.923253990337959,14,99.50207766563122,12.0,69.27899686520375,1,1.5,5.0,8.0,480,4,191
Beban Sangat Tinggi,base,81191,362,95,93,267,7.592906732197114,6.448760390056374,8.0,8.931579869986647,5.712299575263069,14,99.48632046488342,11.625,73.75690607734806,1,1.5,5.0,8.0,480,4,192
Beban Sangat Tinggi,base,81192,328,99,97,229,7.537811877198501,6.468710057788982,8.0,9.031491891946647,5.08990111445848,12,99.93814005206855,12.125,69.8170731707317,1,1.5,5.0,8.0,480,4,193
Beban Sangat Tinggi,base,81193,311,98,96,213,7.469626961488757,6.316877398193904,8.0,9.037313847233733,4.812710205144515,13,99.76395384386161,12.0,68.48874598070739,1,1.5,5.0,8.0,480,4,194
Beban Sangat Tinggi,base,81194,300,97,95,203,7.43280462572389,6.2457875022388345,8.0,9.060870912379452,4.619400945711316,12,100.0,11.875,67.66666666666666,1,1.5,5.0,8.0,480,4,195
Beban Sangat Tinggi,base,81195,329,97,94,232,7.504597542081531,6.319717436544572,8.0,8.98022468131466,5.096277885430495,14,99.19357266236088,11.75,70.51671732522796,1,1.5,5.0,8.0,480,4,196
Beban Sangat Tinggi,base,81196,319,95,93,224,7.510519411819942,6.356375709163802,8.0,9.042374300615496,4.968035279146474,11,99.97992476305353,11.625,70.21943573667711,1,1.5,5.0,8.0,480,4,197
Beban Sangat Tinggi,base,81197,293,97,96,196,7.425389258599275,6.264320131645235,8.0,9.080626746671253,4.51522310247778,12,100.0,12.0,66.89419795221842,1,1.5,5.0,8.0,480,4,198
Beban Sangat Tinggi,base,81198,305,101,98,204,7.349109922886805,6.034440856242339,8.0,8.9513006546546,4.6082920956729625,12,99.45988762941916,12.25,66.88524590163935,1,1.5,5.0,8.0,480,4,199
Beban Sangat Tinggi,base,81199,326,98,96,228,7.512595584086639,6.378634289920864,8.0,8.999174598118891,5.067207468295525,12,99.46000663291682,12.0,69.93865030674846,1,1.5,5.0,8.0,480,4,200
